CurrentClinicName1,CurrentClinicCity,CurrentClinicState,TotNumCycles1,TotNumCycles2
ALABAMA FERTILITY SPECIALISTS,BIRMINGHAM,ALABAMA,58,19
ART FERTILITY PROGRAM OF ALABAMA,BIRMINGHAM,ALABAMA,208,104
UNIVERSITY OF ALABAMA AT BIRMINGHAM,BIRMINGHAM,ALABAMA,121,52
CENTER FOR REPRODUCTIVE MEDICINE,MOBILE,ALABAMA,186,58
UNIVERSITY OF SOUTH ALABAMA IVF AND ART PROGRAM,MOBILE,ALABAMA,21,11
NEW DIRECTION FERTILITY CENTERS,GILBERT,ARIZONA,458,195
TROCHÃ‰ FERTILITY CENTERS,GLENDALE,ARIZONA,95,72
"ARIZONA REPRODUCTIVE MEDICINE SPECIALISTS, LLC",PHOENIX,ARIZONA,180,83
GONDRA CENTER FOR REPRODUCTIVE CARE & ADVANCED GYNECOLOGY,PHOENIX,ARIZONA,19,12
SOUTHWEST FERTILITY CENTER,PHOENIX,ARIZONA,72,40
"ADVANCED FERTILITY CARE, PLLC",SCOTTSDALE,ARIZONA,213,116
ARIZONA ASSOCIATES FOR REPRODUCTIVE HEALTH,SCOTTSDALE,ARIZONA,81,59
ARIZONA CENTER FOR FERTILITY STUDIES,SCOTTSDALE,ARIZONA,22,13
BLOOM REPRODUCTIVE INSTITUTE,SCOTTSDALE,ARIZONA,199,98
"BOSTON IVF, THE ARIZONA CENTER, LLC",SCOTTSDALE,ARIZONA,130,31
IVF PHOENIX,SCOTTSDALE,ARIZONA,51,43
"FERTILITY TREATMENT CENTER, PC",TEMPE,ARIZONA,156,131
ARIZONA CENTER FOR REPRODUCTIVE ENDOCRINOLOGY AND INFERTILITY,TUCSON,ARIZONA,109,48
ARIZONA REPRODUCTIVE INSTITUTE,TUCSON,ARIZONA,162,89
REPRODUCTIVE HEALTH CENTER,TUCSON,ARIZONA,109,49
ARKANSAS FERTILITY CENTER,LITTLE ROCK,ARKANSAS,204,48
LIFESTART FERTILITY CENTER,AGOURA HILLS,CALIFORNIA,9,4
ALTA BATES IN VITRO FERTILIZATION PROGRAM,BERKELEY,CALIFORNIA,12,21
CENTER FOR REPRODUCTIVE HEALTH & GYNECOLOGY,BEVERLY HILLS,CALIFORNIA,32,27
SOUTHERN CALIFORNIA REPRODUCTIVE CENTER,BEVERLY HILLS,CALIFORNIA,401,305
FERTILITY CARE OF ORANGE COUNTY,BREA,CALIFORNIA,116,74
CENTRAL CALIFORNIA IVF PROGRAM,CLOVIS,CALIFORNIA,152,60
CALIFORNIA CENTER FOR REPRODUCTIVE MEDICINE,ENCINITAS,CALIFORNIA,40,23
HRC FERTILITY-ENCINO,ENCINO,CALIFORNIA,252,208
LOS ANGELES REPRODUCTIVE CENTER (LARC),ENCINO,CALIFORNIA,47,29
WESTERN FERTILITY INSTITUTE,ENCINO,CALIFORNIA,99,96
ZOUVES FERTILITY CENTER,FOSTER CITY,CALIFORNIA,189,193
WEST COAST FERTILITY CENTER,FOUNTAIN VALLEY,CALIFORNIA,50,49
XPERT FERTILITY CARE OF CALIFORNIA,FOUNTAIN VALLEY,CALIFORNIA,4,2
KAISER PERMANENTE CENTER FOR REPRODUCTIVE HEALTH-FREMONT,FREMONT,CALIFORNIA,486,372
CARE FERTILITY,GLENDALE,CALIFORNIA,156,96
MARIN FERTILITY CENTER,GREENBRAE,CALIFORNIA,89,80
"COASTAL FERTILITY MEDICAL CENTER, INC.",IRVINE,CALIFORNIA,191,92
FERTILITY CENTER OF SOUTHERN CALIFORNIA,IRVINE,CALIFORNIA,74,48
LIFE IVF CENTER,IRVINE,CALIFORNIA,402,363
REPRODUCTIVE FERTILITY CENTER,IRVINE,CALIFORNIA,246,238
REPRODUCTIVE PARTNERS FERTILITY CENTER-SAN DIEGO,LA JOLLA,CALIFORNIA,199,205
LOMA LINDA UNIVERSITY CENTER FOR FERTILITY AND IVF,LOMA LINDA,CALIFORNIA,88,69
CALIFORNIA FERTILITY PARTNERS,LOS ANGELES,CALIFORNIA,244,246
CEDARS SINAI MEDICAL CENTER,LOS ANGELES,CALIFORNIA,44,37
CHA FERTILITY CENTER,LOS ANGELES,CALIFORNIA,31,53
CMD FERTILITY,LOS ANGELES,CALIFORNIA,37,62
PACIFIC FERTILITY CENTER-LOS ANGELES,LOS ANGELES,CALIFORNIA,51,74
UCLA FERTILITY CENTER,LOS ANGELES,CALIFORNIA,80,61
USC FERTILITY,LOS ANGELES,CALIFORNIA,216,225
CARE FOR THE BAY AREA,LOS GATOS,CALIFORNIA,106,66
INNOVATIVE FERTILITY CENTER,MANHATTAN BEACH,CALIFORNIA,27,37
CCRM SAN FRANCISCO,MENLO PARK,CALIFORNIA,7,21
THE FERTILITY AND GYNECOLOGY CENTER,MONTEREY,CALIFORNIA,47,24
NOVA IN VITRO FERTILIZATION,MOUNTAIN VIEW,CALIFORNIA,150,160
HRC FERTILITY-ORANGE COUNTY,NEWPORT BEACH,CALIFORNIA,674,405
NEWPORT FERTILITY CENTER,NEWPORT BEACH,CALIFORNIA,62,62
OC FERTILITY,NEWPORT BEACH,CALIFORNIA,103,66
SOUTHERN CALIFORNIA CENTER FOR REPRODUCTIVE MEDICINE,NEWPORT BEACH,CALIFORNIA,179,163
LANE FERTILITY INSTITUTE,NOVATO,CALIFORNIA,29,22
AMERICAN REPRODUCTIVE CENTERS,PALM SPRINGS,CALIFORNIA,76,68
BAY IVF CENTER,PALO ALTO,CALIFORNIA,72,57
HRC FERTILITY-PASADENA,PASADENA,CALIFORNIA,"1,110",715
"REPRODUCTIVE PARTNERS-BEVERLY HILLS, REDONDO BEACH & WESTMINSTER",REDONDO BEACH,CALIFORNIA,495,490
NORTHERN CALIFORNIA FERTILITY MEDICAL CENTER,ROSEVILLE,CALIFORNIA,342,201
CALIFORNIA IVF FERTILITY CENTER,SACRAMENTO,CALIFORNIA,194,143
KAISER PERMANENTE CENTER FOR REPRODUCTIVE HEALTH-SACRAMENTO,SACRAMENTO,CALIFORNIA,296,207
FERTILITY SPECIALISTS MEDICAL GROUP,SAN DIEGO,CALIFORNIA,213,126
HANABUSA IVF,SAN DIEGO,CALIFORNIA,25,53
NAVAL MEDICAL CENTER SAN DIEGO INFERTILITY CLINIC,SAN DIEGO,CALIFORNIA,148,70
REPRODUCTIVE SCIENCES MEDICAL CENTER,SAN DIEGO,CALIFORNIA,169,111
SAN DIEGO FERTILITY CENTER,SAN DIEGO,CALIFORNIA,586,458
LAUREL FERTILITY CARE,SAN FRANCISCO,CALIFORNIA,141,104
PACIFIC FERTILITY CENTER,SAN FRANCISCO,CALIFORNIA,502,438
SPRING FERTILITY,SAN FRANCISCO,CALIFORNIA,348,301
UCSF CENTER FOR REPRODUCTIVE HEALTH,SAN FRANCISCO,CALIFORNIA,603,722
PALO ALTO MEDICAL FOUNDATION FERTILITY PHYSICIANS OF NORTHERN CALIFORNIA,SAN JOSE,CALIFORNIA,294,267
REPRODUCTIVE SCIENCE CENTER OF THE SAN FRANCISCO BAY AREA,SAN RAMON,CALIFORNIA,745,637
SANTA BARBARA FERTILITY CENTER,SANTA BARBARA,CALIFORNIA,49,34
SANTA MONICA FERTILITY,SANTA MONICA,CALIFORNIA,26,26
"ADVANCED FERTILITY ASSOCIATES MEDICAL GROUP, INC.",SANTA ROSA,CALIFORNIA,54,43
"VALLEY CENTER FOR REPRODUCTIVE HEALTH, INC.",SHERMAN OAKS,CALIFORNIA,27,14
STANFORD MEDICINE FERTILITY & REPRODUCTIVE HEALTH,SUNNYVALE,CALIFORNIA,426,373
THE CENTER FOR FERTILITY AND GYNECOLOGY,TARZANA,CALIFORNIA,95,78
TREE OF LIFE CENTER FOR FERTILITY,TARZANA,CALIFORNIA,7,3
FERTILITY AND SURGICAL ASSOCIATES OF CALIFORNIA,THOUSAND OAKS,CALIFORNIA,304,270
PACIFIC REPRODUCTIVE CENTER,TORRANCE,CALIFORNIA,122,88
UNIVERSITY FERTILITY CENTER,TORRANCE,CALIFORNIA,98,56
CALIFORNIA CENTER FOR REPRODUCTIVE HEALTH,WEST HOLLYWOOD,CALIFORNIA,187,137
HQA FERTILITY CENTERS,COLORADO SPRINGS,COLORADO,202,89
ADVANCED REPRODUCTIVE MEDICINE,DENVER,COLORADO,169,63
COLORADO REPRODUCTIVE ENDOCRINOLOGY,DENVER,COLORADO,56,35
DENVER FERTILITY-ALBRECHT WOMEN'S CARE,ENGLEWOOD,COLORADO,70,36
ROCKY MOUNTAIN CENTER FOR REPRODUCTIVE MEDICINE,FORT COLLINS,COLORADO,55,27
CONCEPTIONS REPRODUCTIVE ASSOCIATES OF COLORADO,LITTLETON,COLORADO,525,262
COLORADO CENTER FOR REPRODUCTIVE MEDICINE,LONE TREE,COLORADO,966,809
ROCKY MOUNTAIN FERTILITY CENTER,PARKER,COLORADO,70,38
CENTER FOR ADVANCED REPRODUCTIVE SERVICES,FARMINGTON,CONNECTICUT,626,369
"GREENWICH FERTILITY AND IVF CENTER, PC",GREENWICH,CONNECTICUT,191,162
YALE FERTILITY CENTER,NEW HAVEN,CONNECTICUT,225,148
REPRODUCTIVE MEDICINE ASSOCIATES OF CONNECTICUT,NORWALK,CONNECTICUT,594,369
NEW ENGLAND FERTILITY INSTITUTE,STAMFORD,CONNECTICUT,68,46
PARK AVENUE FERTILITY AND REPRODUCTIVE MEDICINE,TRUMBULL,CONNECTICUT,61,46
"DELAWARE INSTITUTE FOR REPRODUCTIVE MEDICINE, PA",NEWARK,DELAWARE,180,67
REPRODUCTIVE ASSOCIATES OF DELAWARE,NEWARK,DELAWARE,302,182
COLUMBIA FERTILITY ASSOCIATES,WASHINGTON,DISTRICT OF COLUMBIA,197,194
GEORGE WASHINGTON UNIVERSITY MEDICAL FACULTY ASSOCIATES,WASHINGTON,DISTRICT OF COLUMBIA,108,134
BOCAFERTILITY,BOCA RATON,FLORIDA,87,41
PALM BEACH FERTILITY CENTER,BOCA RATON,FLORIDA,59,29
POLCZ FERTILITY CENTER,BOYNTON BEACH,FLORIDA,6,9
FLORIDA FERTILITY INSTITUTE,CLEARWATER,FLORIDA,108,57
CONCEPTIONS FLORIDA: CENTER FOR FERTILITY AND GENETICS,CORAL GABLES,FLORIDA,125,105
"SOUTHWEST FLORIDA FERTILITY CENTER, PA",FORT MYERS,FLORIDA,21,6
"SPECIALISTS IN REPRODUCTIVE MEDICINE AND SURGERY, PA",FORT MYERS,FLORIDA,54,26
UF HEALTH REPRODUCTIVE MEDICINE AT SPRINGHILL,GAINESVILLE,FLORIDA,59,12
ASSISTED FERTILITY PROGRAM,JACKSONVILLE,FLORIDA,53,28
BROWN FERTILITY,JACKSONVILLE,FLORIDA,345,144
FLORIDA INSTITUTE FOR REPRODUCTIVE MEDICINE,JACKSONVILLE,FLORIDA,581,272
JACKSONVILLE CENTER FOR REPRODUCTIVE MEDICINE,JACKSONVILLE,FLORIDA,177,91
IVF FLORIDA REPRODUCTIVE ASSOCIATES,MARGATE,FLORIDA,533,323
VIERA FERTILITY CENTER,MELBOURNE,FLORIDA,51,31
"FERTILITY & IVF CENTER OF MIAMI, INC.",MIAMI,FLORIDA,156,109
UNIVERSITY OF MIAMI INFERTILITY CENTER,MIAMI,FLORIDA,103,55
"NEW LEADERS IN FERTILITY & ENDOCRINOLOGY, LLC",PENSACOLA,FLORIDA,165,77
FERTILITY & GENETICS,PLANTATION,FLORIDA,101,56
FERTILITY CENTER & APPLIED GENETICS OF FLORIDA,SARASOTA,FLORIDA,73,38
IVFMD/SOUTH FLORIDA INSTITUTE FOR REPRODUCTIVE MEDICINE,SOUTH MIAMI,FLORIDA,522,385
THE REPRODUCTIVE MEDICINE GROUP,TAMPA,FLORIDA,463,284
UNIVERSITY OF SOUTH FLORIDA IVF,TAMPA,FLORIDA,162,110
F.I.R.S.T.,WESTON,FLORIDA,30,7
"ADVANCED REPRODUCTIVE SPECIALISTS, LLC",WINTER PARK,FLORIDA,28,18
"CENTER FOR REPRODUCTIVE MEDICINE, PA",WINTER PARK,FLORIDA,647,319
FERTILITY CARE,WINTER PARK,FLORIDA,91,50
ATLANTA CENTER FOR REPRODUCTIVE MEDICINE,ATLANTA,GEORGIA,737,404
EMORY REPRODUCTIVE CENTER,ATLANTA,GEORGIA,177,141
REPRODUCTIVE BIOLOGY ASSOCIATES,ATLANTA,GEORGIA,855,454
SHADY GROVE FERTILITY-ATLANTA,ATLANTA,GEORGIA,189,128
REPRODUCTIVE MEDICINE AND INFERTILITY ASSOCIATES,AUGUSTA,GEORGIA,69,37
SERVY MASSEY FERTILITY INSTITUTE,AUGUSTA,GEORGIA,92,62
"COLUMBUS CENTER FOR REPRODUCTIVE ENDOCRINOLOGY AND INFERTILITY, LLC",COLUMBUS,GEORGIA,89,32
THE GEORGIA CENTER FOR REPRODUCTIVE MEDICINE,SAVANNAH,GEORGIA,122,41
ADVANCED REPRODUCTIVE CENTER OF HAWAII,HONOLULU,HAWAII,60,60
FERTILITY INSTITUTE OF HAWAII,HONOLULU,HAWAII,133,88
IVF HAWAII,HONOLULU,HAWAII,46,59
PACIFIC IN VITRO FERTILIZATION INSTITUTE,HONOLULU,HAWAII,103,103
TRIPLER ARMY MEDICAL CENTER IVF INSTITUTE,TRIPLER AMC,HAWAII,97,69
IDAHO CENTER FOR REPRODUCTIVE MEDICINE,BOISE,IDAHO,248,144
RUSH-COPLEY CENTER FOR REPRODUCTIVE HEALTH,AURORA,ILLINOIS,66,31
FERTILITY CENTERS OF ILLINOIS-RIVER NORTH IVF,CHICAGO,ILLINOIS,"1,241",876
INSTITUTE FOR HUMAN REPRODUCTION (IHR),CHICAGO,ILLINOIS,226,111
NORTHWESTERN FERTILITY AND REPRODUCTIVE MEDICINE,CHICAGO,ILLINOIS,700,487
UNIVERSITY OF CHICAGO MEDICINE CENTER FOR REPRODUCTIVE MEDICINE AND FERTILITY,CHICAGO,ILLINOIS,55,35
UNIVERSITY OF ILLINOIS AT CHICAGO IVF PROGRAM,CHICAGO,ILLINOIS,63,50
VIOS FERTILITY INSTITUTE-CHICAGO,CHICAGO,ILLINOIS,119,114
WOMEN'S HEALTH CONSULTANTS,CHICAGO,ILLINOIS,97,60
CENTER FOR REPRODUCTIVE HEALTH/JOLIET IVF,CREST HILL,ILLINOIS,138,36
MIDWEST FERTILITY CENTER,DOWNERS GROVE,ILLINOIS,58,29
"DAVIES FERTILITY & IVF SPECIALISTS, SC",GLENVIEW,ILLINOIS,173,106
ADVANCED FERTILITY CENTER OF CHICAGO,GURNEE,ILLINOIS,437,252
FERTILITY CENTERS OF ILLINOIS-HIGHLAND PARK IVF CENTER,HIGHLAND PARK,ILLINOIS,693,497
HINSDALE CENTER FOR REPRODUCTION,HINSDALE,ILLINOIS,30,21
INVIA FERTILITY SPECIALISTS,HOFFMAN ESTATES,ILLINOIS,378,210
THE ADVANCED IVF INSTITUTE,NAPERVILLE,ILLINOIS,264,154
IVF1,NAPERVILLE,ILLINOIS,349,182
REPRODUCTIVE MEDICINE INSTITUTE,OAK BROOK,ILLINOIS,574,385
"DANIEL ROSTEIN, MD, SC",OAK BROOK,ILLINOIS,1,0
ADVANCED REPRODUCTIVE CENTER,ROCKFORD,ILLINOIS,80,27
CHICAGO IVF,SKOKIE,ILLINOIS,266,118
NORTH SHORE FERTILITY,SKOKIE,ILLINOIS,90,41
SOUTHERN ILLINOIS UNIVERSITY SCHOOL OF MEDICINE FERTILITY AND IVF CENTER,SPRINGFIELD,ILLINOIS,105,49
VIOS FERTILITY INSTITUTE-SWANSEA,SWANSEA,ILLINOIS,247,116
"SETH LEVRANT, MD, PC",TINLEY PARK,ILLINOIS,45,38
MIDWEST FERTILITY SPECIALISTS,CARMEL,INDIANA,557,244
"ADVANCED REPRODUCTION INSTITUTE, LLC",EVANSVILLE,INDIANA,78,34
ADVANCED FERTILITY GROUP,INDIANAPOLIS,INDIANA,39,21
COMMUNITY FERTILITY SPECIALTY CARE,INDIANAPOLIS,INDIANA,101,37
"FAMILY BEGINNINGS, PC",INDIANAPOLIS,INDIANA,133,62
HENRY FERTILITY DBA,INDIANAPOLIS,INDIANA,100,23
INDIANA FERTILITY INSTITUTE,INDIANAPOLIS,INDIANA,370,131
INDIANA UNIVERSITY HOSPITAL,INDIANAPOLIS,INDIANA,16,1
BOSTON IVF AT THE WOMEN'S HOSPITAL,NEWBURGH,INDIANA,218,44
"MID-IOWA FERTILITY, PC",CLIVE,IOWA,456,144
UNIVERSITY OF IOWA HOSPITALS AND CLINICS,IOWA CITY,IOWA,460,204
"MIDWEST REPRODUCTIVE CENTER, PA",OLATHE,KANSAS,284,89
CENTER FOR ADVANCED REPRODUCTIVE MEDICINE,OVERLAND PARK,KANSAS,421,171
REPRODUCTIVE RESOURCE CENTER OF GREATER KANSAS CITY,OVERLAND PARK,KANSAS,243,81
THE CENTER FOR REPRODUCTIVE MEDICINE,WICHITA,KANSAS,80,26
BLUEGRASS FERTILITY CENTER,LEXINGTON,KENTUCKY,134,37
THE LEXINGTON FERTILITY CENTER,LEXINGTON,KENTUCKY,17,6
FERTILITY AND ENDOCRINE ASSOCIATES,LOUISVILLE,KENTUCKY,102,46
"KENTUCKY FERTILITY INSTITUTE, LLC",LOUISVILLE,KENTUCKY,158,79
"FERTILITY ANSWERS, LLC-BATON ROUGE",BATON ROUGE,LOUISIANA,88,30
"FERTILITY ANSWERS, LLC-LAFAYETTE",LAFAYETTE,LOUISIANA,93,53
FERTILITY INSTITUTE OF NEW ORLEANS,MANDEVILLE,LOUISIANA,449,232
AUDUBON FERTILITY,NEW ORLEANS,LOUISIANA,239,95
ARKLATEX FERTILITY AND REPRODUCTIVE MEDICINE,SHREVEPORT,LOUISIANA,107,31
"BOSTON IVF, LLC THE MAINE CENTER",SOUTH PORTLAND,MAINE,223,105
"THE A.R.T. INSTITUTE OF WASHINGTON, INC.",BETHESDA,MARYLAND,276,171
"ENDRIKA HINTON, MD",LUTHERVILLE,MARYLAND,18,15
JOHNS HOPKINS FERTILITY CENTER,LUTHERVILLE,MARYLAND,280,139
MONTGOMERY FERTILITY CENTER,ROCKVILLE,MARYLAND,31,27
SHADY GROVE FERTILITY-ROCKVILLE,ROCKVILLE,MARYLAND,"2,999","2,310"
FERTILITY CENTER OF MARYLAND,TOWSON,MARYLAND,162,87
SHADY GROVE FERTILITY-TOWSON,TOWSON,MARYLAND,963,475
BRIGHAM AND WOMEN'S HOSPITAL CENTER FOR ASSISTED REPRODUCTIVE TECHNOLOGY,BOSTON,MASSACHUSETTS,858,560
MASSACHUSETTS GENERAL HOSPITAL FERTILITY CENTER,BOSTON,MASSACHUSETTS,406,294
"FERTILITY SOLUTIONS, PC",DEDHAM,MASSACHUSETTS,238,206
IVF NEW ENGLAND,LEXINGTON,MASSACHUSETTS,"1,041",566
CCRM BOSTON,NEWTON,MASSACHUSETTS,13,4
"FERTILITY CENTERS OF NEW ENGLAND, INC.",READING,MASSACHUSETTS,722,416
BAYSTATE REPRODUCTIVE MEDICINE,SPRINGFIELD,MASSACHUSETTS,291,158
"CARDONE REPRODUCTIVE MEDICINE AND INFERTILITY, LLC",STONEHAM,MASSACHUSETTS,135,92
"BOSTON IVF, LLC",WALTHAM,MASSACHUSETTS,"1,547","1,126"
UNIVERSITY OF MICHIGAN CENTER FOR REPRODUCTIVE MEDICINE,ANN ARBOR,MICHIGAN,357,161
"ADVANCED REPRODUCTIVE MEDICINE AND SURGERY, PC",BLOOMFIELD HILLS,MICHIGAN,36,21
IVF MICHIGAN FERTILITY CENTERS,BLOOMFIELD HILLS,MICHIGAN,692,245
MICHIGAN REPRODUCTIVE MEDICINE,BLOOMFIELD HILLS,MICHIGAN,102,58
GAGO IVF,BRIGHTON,MICHIGAN,110,40
"MICHIGAN REPRODUCTIVE & IVF CENTER, PC",GRAND RAPIDS,MICHIGAN,537,194
"IVF MICHIGAN ROCHESTER HILLS & FLINT, PC",ROCHESTER HILLS,MICHIGAN,170,73
WAYNE STATE UNIVERSITY PHYSICIAN GROUP,SOUTHFIELD,MICHIGAN,25,18
HENRY FORD REPRODUCTIVE MEDICINE,TROY,MICHIGAN,37,16
REPRODUCTIVE MEDICINE ASSOCIATES OF MICHIGAN,TROY,MICHIGAN,276,178
"MICHIGAN CENTER FOR FERTILITY AND WOMEN'S HEALTH, PLC",WARREN,MICHIGAN,112,69
CCRM MINNEAPOLIS,EDINA,MINNESOTA,271,136
"THE MIDWEST CENTER FOR REPRODUCTIVE HEALTH, PA",MAPLE GROVE,MINNESOTA,132,51
CENTER FOR REPRODUCTIVE MEDICINE,MINNEAPOLIS,MINNESOTA,692,360
MAYO CLINIC ASSISTED REPRODUCTIVE TECHNOLOGIES,ROCHESTER,MINNESOTA,334,135
REPRODUCTIVE MEDICINE & INFERTILITY ASSOCIATES,WOODBURY,MINNESOTA,423,199
"MISSISSIPPI REPRODUCTIVE MEDICINE, PLLC",FLOWOOD,MISSISSIPPI,108,51
UNIVERSITY OF MISSISSIPPI MEDICAL CENTER,FLOWOOD,MISSISSIPPI,102,39
INFERTILITY CENTER OF ST. LOUIS,CHESTERFIELD,MISSOURI,281,151
MISSOURI CENTER FOR REPRODUCTIVE MEDICINE,CHESTERFIELD,MISSOURI,539,181
"MID-MISSOURI REPRODUCTIVE MEDICINE AND SURGERY, INC.",COLUMBIA,MISSOURI,126,45
BLUE SKY FERTILITY,KANSAS CITY,MISSOURI,49,21
MIDWEST WOMEN'S HEALTHCARE SPECIALISTS,KANSAS CITY,MISSOURI,73,25
FERTILITY PARTNERSHIP,SAINT PETERS,MISSOURI,126,42
CENTER FOR REPRODUCTIVE MEDICINE & ROBOTIC SURGERY,ST. LOUIS,MISSOURI,36,18
FERTILITY AND REPRODUCTIVE MEDICINE CENTER,ST. LOUIS,MISSOURI,447,218
SHER INSTITUTE FOR REPRODUCTIVE MEDICINE-ST. LOUIS,ST. LOUIS,MISSOURI,301,117
BILLINGS CLINIC,BILLINGS,MONTANA,164,57
REPRODUCTIVE HEALTH SPECIALISTS,ELKHORN,NEBRASKA,428,125
"HEARTLAND CENTER FOR REPRODUCTIVE MEDICINE, PC",OMAHA,NEBRASKA,243,80
GREEN VALLEY FERTILITY PARTNERS,HENDERSON,NEVADA,88,51
FERTILITY CENTER OF LAS VEGAS,LAS VEGAS,NEVADA,279,173
RED ROCK FERTILITY CENTER,LAS VEGAS,NEVADA,102,51
SHER INSTITUTE FOR REPRODUCTIVE MEDICINE-LAS VEGAS,LAS VEGAS,NEVADA,163,67
THE NEVADA CENTER FOR REPRODUCTIVE MEDICINE,RENO,NEVADA,205,88
REPRODUCTIVE MEDICINE ASSOCIATES OF NEW JERSEY,BASKING RIDGE,NEW JERSEY,"2,750","1,640"
CLIFTON LOW COST IVF,CLIFTON,NEW JERSEY,11,6
NJ BEST OB/GYN,CLIFTON,NEW JERSEY,12,1
REPRODUCTIVE SCIENCE CENTER OF NEW JERSEY,EATONTOWN,NEW JERSEY,178,98
CENTER FOR ADVANCED REPRODUCTIVE MEDICINE & FERTILITY,EDISON,NEW JERSEY,210,86
WOMEN'S FERTILITY CENTER,ENGLEWOOD,NEW JERSEY,25,14
NORTH HUDSON IVF,ENGLEWOOD CLIFFS,NEW JERSEY,6,5
"UNIVERSITY REPRODUCTIVE ASSOCIATES, PC",HASBROUCK HEIGHTS,NEW JERSEY,187,109
SHORE INSTITUTE FOR REPRODUCTIVE MEDICINE DBA,LAKEWOOD,NEW JERSEY,91,68
"DELAWARE VALLEY OBGYN & INFERTILITY GROUP, PC",LAWRENCEVILLE,NEW JERSEY,36,28
INSTITUTE FOR REPRODUCTIVE MEDICINE AND SCIENCE,LIVINGSTON,NEW JERSEY,498,298
DELAWARE VALLEY INSTITUTE OF FERTILITY AND GENETICS,MARLTON,NEW JERSEY,73,43
SOUTH JERSEY FERTILITY CENTER,MARLTON,NEW JERSEY,313,125
DIAMOND INSTITUTE FOR INFERTILITY AND MENOPAUSE,MILLBURN,NEW JERSEY,165,80
"COOPER INSTITUTE FOR REPRODUCTIVE HORMONAL DISORDERS, PC",MOUNT LAUREL,NEW JERSEY,178,158
FERTILITY INSTITUTE OF NEW JERSEY AND NEW YORK,ORADELL,NEW JERSEY,176,112
VALLEY HOSPITAL FERTILITY CENTER,PARAMUS,NEW JERSEY,157,108
DAMIEN FERTILITY PARTNERS,SHREWSBURY,NEW JERSEY,175,116
CENTER FOR REPRODUCTIVE MEDICINE AND FERTILITY,VOORHEES,NEW JERSEY,128,52
"CAPERTON FERTILITY INSTITUTE, LLC",ALBUQUERQUE,NEW MEXICO,149,91
"THE FERTILITY CENTER OF NEW MEXICO, LLC",ALBUQUERQUE,NEW MEXICO,82,58
GENESIS FERTILITY & REPRODUCTIVE MEDICINE,BROOKLYN,NEW YORK,282,156
KOFINAS FERTILITY GROUP,BROOKLYN,NEW YORK,194,105
"INFERTILITY & IVF MEDICAL ASSOCIATES OF WESTERN NEW YORK, PLLC DBA",BUFFALO,NEW YORK,307,129
"HUDSON VALLEY FERTILITY, PLLC",FISHKILL,NEW YORK,142,81
THE NEW YORK FERTILITY CENTER,FLUSHING,NEW YORK,104,74
MONTEFIORE'S INSTITUTE FOR REPRODUCTIVE MEDICINE AND HEALTH,HARTSDALE,NEW YORK,69,59
"BOSTON IVF, THE ALBANY CENTER",LOUDONVILLE,NEW YORK,272,127
NORTHWELL HEALTH FERTILITY,MANHASSET,NEW YORK,583,426
LONG ISLAND IVF,MELVILLE,NEW YORK,438,284
REPRODUCTIVE SPECIALISTS OF NEW YORK,MINEOLA,NEW YORK,455,357
WESTCHESTER REPRODUCTIVE MEDICINE,MOUNT KISCO,NEW YORK,11,6
"ADVANCED FERTILITY SERVICES, PC",NEW YORK,NEW YORK,15,10
CCRM NEW YORK,NEW YORK,NEW YORK,298,192
CENTER FOR HUMAN REPRODUCTION (CHR),NEW YORK,NEW YORK,62,60
CHELSEA FERTILITY NYC,NEW YORK,NEW YORK,86,45
COLUMBIA UNIVERSITY FERTILITY CENTER,NEW YORK,NEW YORK,229,245
EXTEND FERTILITY-EXPECT FERTILITY,NEW YORK,NEW YORK,211,290
"GENERATION NEXT FERTILITY, PLLC",NEW YORK,NEW YORK,59,64
"LIBERA MEDICAL, PLLC",NEW YORK,NEW YORK,238,326
"ANDREW LOUCOPOULOS, MD, PHD",NEW YORK,NEW YORK,15,13
MANHATTAN REPRODUCTIVE MEDICINE,NEW YORK,NEW YORK,14,8
"METROPOLITAN REPRODUCTIVE MEDICINE, PC",NEW YORK,NEW YORK,38,19
NEW HOPE FERTILITY CENTER,NEW YORK,NEW YORK,822,527
NEW YORK FERTILITY INSTITUTE,NEW YORK,NEW YORK,42,37
"NEW YORK FERTILITY SERVICES, PC",NEW YORK,NEW YORK,40,36
NEWAY MEDICAL,NEW YORK,NEW YORK,69,69
NOBLE FERTILITY CENTER,NEW YORK,NEW YORK,111,38
NYU LANGONE FERTILITY CENTER,NEW YORK,NEW YORK,804,738
"OFFICES FOR FERTILITY AND REPRODUCTIVE MEDICINE, PC",NEW YORK,NEW YORK,24,28
"REPRODUCTIVE MEDICINE ASSOCIATES OF NEW YORK, LLP",NEW YORK,NEW YORK,"1,625","1,379"
TRUENORTH FERTILITY,NEW YORK,NEW YORK,8,0
WEILL CORNELL MEDICINE,NEW YORK,NEW YORK,"1,508","1,228"
WESTMED REPRODUCTIVE SERVICES,PURCHASE,NEW YORK,93,76
"ROCHESTER FERTILITY CARE, PC",ROCHESTER,NEW YORK,97,13
STRONG FERTILITY CENTER,ROCHESTER,NEW YORK,203,80
"ISLAND REPRODUCTIVE SERVICES, PC",STATEN ISLAND,NEW YORK,262,131
NEW YORK REPRODUCTIVE WELLNESS,SYOSSET,NEW YORK,73,43
CNY FERTILITY CENTER,SYRACUSE,NEW YORK,"2,472","1,088"
WESTCHESTER FERTILITY AND REPRODUCTIVE ENDOCRINOLOGY,WHITE PLAINS,NEW YORK,59,41
GOLD COAST IVF,WOODBURY,NEW YORK,160,96
NORTH CAROLINA CENTER FOR REPRODUCTIVE MEDICINE,CARY,NORTH CAROLINA,183,76
PROGRAM FOR ASSISTED REPRODUCTION AT ATRIUM HEALTH'S CAROLINAS MEDICAL CENTER,CHARLOTTE,NORTH CAROLINA,320,163
REPRODUCTIVE ENDOCRINOLOGY ASSOCIATES OF CHARLOTTE,CHARLOTTE,NORTH CAROLINA,424,238
DUKE FERTILITY CENTER,DURHAM,NORTH CAROLINA,120,86
WOMACK ARMY MEDICAL CENTER,FORT BRAGG,NORTH CAROLINA,62,29
"ATLANTIC REPRODUCTIVE MEDICINE SPECIALISTS, PA",RALEIGH,NORTH CAROLINA,115,70
"CAROLINA CONCEPTIONS, PA",RALEIGH,NORTH CAROLINA,399,197
UNC FERTILITY,RALEIGH,NORTH CAROLINA,348,164
CAROLINAS FERTILITY INSTITUTE,WINSTON-SALEM,NORTH CAROLINA,238,119
WAKE FOREST UNIVERSITY CENTER FOR REPRODUCTIVE MEDICINE,WINSTON-SALEM,NORTH CAROLINA,253,135
SANFORD HEALTH REPRODUCTIVE MEDICINE INSTITUTE,FARGO,NORTH DAKOTA,203,44
"FERTILITY UNLIMITED, INC.",AKRON,OHIO,16,8
REPRODUCTIVE GYNECOLOGY & INFERTILITY-AKRON,AKRON,OHIO,387,154
CLEVELAND CLINIC FERTILITY CENTER,BEACHWOOD,OHIO,376,260
UNIVERSITY HOSPITALS FERTILITY CENTER,BEACHWOOD,OHIO,319,137
BETHESDA FERTILITY CENTER,CINCINNATI,OHIO,116,63
INSTITUTE FOR REPRODUCTIVE HEALTH,CINCINNATI,OHIO,821,250
OHIO REPRODUCTIVE MEDICINE,COLUMBUS,OHIO,356,193
SPRINGCREEK FERTILITY,DAYTON,OHIO,148,73
THE FERTILITY WELLNESS INSTITUTE OF OHIO,WEST CHESTER,OHIO,51,26
UC CENTER FOR REPRODUCTIVE HEALTH,WEST CHESTER,OHIO,132,50
REPRODUCTIVE GYNECOLOGY & INFERTILITY-WESTERVILLE,WESTERVILLE,OHIO,280,97
BENNETT FERTILITY INSTITUTE,OKLAHOMA CITY,OKLAHOMA,183,77
OU PHYSICIANS REPRODUCTIVE MEDICINE,OKLAHOMA CITY,OKLAHOMA,186,53
TULSA FERTILITY CENTER,TULSA,OKLAHOMA,264,65
THE FERTILITY CENTER OF OREGON,EUGENE,OREGON,86,44
ORM FERTILITY,PORTLAND,OREGON,663,571
UNIVERSITY FERTILITY CONSULTANTS,PORTLAND,OREGON,262,143
"ABINGTON REPRODUCTIVE MEDICINE, ABINGTON IVF AND GENETICS",ABINGTON,PENNSYLVANIA,369,169
REPRODUCTIVE MEDICINE ASSOCIATES OF PENNSYLVANIA,ALLENTOWN,PENNSYLVANIA,141,89
FAMILY FERTILITY CENTER,BETHLEHEM,PENNSYLVANIA,59,30
MAIN LINE FERTILITY AND REPRODUCTIVE MEDICINE,BRYN MAWR,PENNSYLVANIA,475,276
GEISINGER MEDICAL CENTER FERTILITY PROGRAM,DANVILLE,PENNSYLVANIA,56,33
HAN FERTILITY CENTER,HAVERTOWN,PENNSYLVANIA,58,26
PENN STATE MILTON S. HERSHEY MEDICAL CENTER,HERSHEY,PENNSYLVANIA,62,27
REPRODUCTIVE MEDICINE ASSOCIATES OF PHILADELPHIA,KING OF PRUSSIA,PENNSYLVANIA,594,362
SOCIETY HILL REPRODUCTIVE MEDICINE,PHILADELPHIA,PENNSYLVANIA,52,53
UNIVERSITY OF PENNSYLVANIA,PHILADELPHIA,PENNSYLVANIA,489,281
AHN CENTER FOR REPRODUCTIVE MEDICINE,PITTSBURGH,PENNSYLVANIA,107,43
CENTER FOR FERTILITY AND REPRODUCTIVE ENDOCRINOLOGY,PITTSBURGH,PENNSYLVANIA,211,128
UNIVERSITY OF PITTSBURGH PHYSICIANS,PITTSBURGH,PENNSYLVANIA,301,155
SHADY GROVE FERTILITY-PENNSYLVANIA,WAYNE,PENNSYLVANIA,424,237
"THE FERTILITY CENTER, LLC",YORK,PENNSYLVANIA,112,30
"PEDRO J. BEAUCHAMP, MD IVF PROGRAM DBA",BAYAMON,PUERTO RICO,39,48
CLINICA DE FERTILIDAD HIMA-SAN PABLO CAGUAS,CAGUAS,PUERTO RICO,12,13
GREFI,SAN JUAN,PUERTO RICO,8,9
WOMEN & INFANTS FERTILITY CENTER,PROVIDENCE,RHODE ISLAND,326,182
FERTILITY CENTER OF THE CAROLINAS,GREENVILLE,SOUTH CAROLINA,133,51
"PIEDMONT REPRODUCTIVE ENDOCRINOLOGY GROUP, PA",GREENVILLE,SOUTH CAROLINA,369,181
COASTAL FERTILITY SPECIALISTS,MOUNT PLEASANT,SOUTH CAROLINA,430,163
THE FERTILITY CENTER OF CHARLESTON,MOUNT PLEASANT,SOUTH CAROLINA,85,62
SANFORD WOMEN'S HEALTH,SIOUX FALLS,SOUTH DAKOTA,278,82
"FERTILITY CENTER, LLC",CHATTANOOGA,TENNESSEE,150,62
TENNESSEE REPRODUCTIVE MEDICINE,CHATTANOOGA,TENNESSEE,146,86
TENNESSEE FERTILITY INSTITUTE,FRANKLIN,TENNESSEE,76,28
QUILLEN FERTILITY AND WOMEN'S SERVICES,JOHNSON CITY,TENNESSEE,25,12
EAST TENNESSEE IVF AND ANDROLOGY CENTER,KNOXVILLE,TENNESSEE,1,2
"JEFFREY A. KEENAN, MD DBA",KNOXVILLE,TENNESSEE,103,50
"KUTTEH KE FERTILITY ASSOCIATES OF MEMPHIS, PLLC",MEMPHIS,TENNESSEE,434,154
REGIONAL ONE HEALTH REPRODUCTIVE MEDICINE,MEMPHIS,TENNESSEE,14,4
THE CENTER FOR REPRODUCTIVE HEALTH,NASHVILLE,TENNESSEE,53,31
NASHVILLE FERTILITY CENTER,NASHVILLE,TENNESSEE,463,216
ASPIRE FERTILITY-DALLAS,ADDISON,TEXAS,48,37
DFW CENTER FOR FERTILITY & IVF,ALLEN,TEXAS,29,14
ASPIRE FERTILITY-AUSTIN,AUSTIN,TEXAS,98,87
AUSTIN FERTILITY AND REPRODUCTIVE MEDICINE-WESTLAKE IVF,AUSTIN,TEXAS,94,46
"AUSTIN FERTILITY INSTITUTE, PA",AUSTIN,TEXAS,215,179
TEXAS FERTILITY CENTER,AUSTIN,TEXAS,772,414
CENTER FOR ASSISTED REPRODUCTION,BEDFORD,TEXAS,375,164
DALLAS-FORT WORTH FERTILITY ASSOCIATES,DALLAS,TEXAS,615,348
FERTILITY AND ADVANCED REPRODUCTIVE MEDICINE,DALLAS,TEXAS,77,51
FERTILITY CENTER OF DALLAS,DALLAS,TEXAS,109,57
REPROMED FERTILITY CENTER,DALLAS,TEXAS,176,74
SHER INSTITUTE FOR REPRODUCTIVE MEDICINE-DALLAS,DALLAS,TEXAS,101,49
TEXAS CENTER FOR REPRODUCTIVE HEALTH,DALLAS,TEXAS,23,14
"SOUTHWEST CENTER FOR REPRODUCTIVE HEALTH, PA",EL PASO,TEXAS,43,30
BROOKE ARMY MEDICAL CENTER,FORT SAM HOUSTON,TEXAS,71,33
"FORT WORTH FERTILITY, PA",FORT WORTH,TEXAS,330,147
CCRM DALLAS-FORT WORTH,FRISCO,TEXAS,145,52
DALLAS IVF,FRISCO,TEXAS,429,204
"FERTILITY SPECIALISTS OF TEXAS, PLLC",FRISCO,TEXAS,646,252
ADVANCED FERTILITY CENTER OF TEXAS,HOUSTON,TEXAS,125,87
ASPIRE FERTILITY-HOUSTON,HOUSTON,TEXAS,100,55
COOPER INSTITUTE FOR ADVANCED REPRODUCTIVE MEDICINE,HOUSTON,TEXAS,48,17
FAMILY FERTILITY CENTER,HOUSTON,TEXAS,219,109
THE HEARD INSTITUTE,HOUSTON,TEXAS,8,5
HOUSTON FERTILITY INSTITUTE,HOUSTON,TEXAS,"1,675",798
HOUSTON FERTILITY SPECIALISTS,HOUSTON,TEXAS,529,347
HOUSTON IVF DBA,HOUSTON,TEXAS,361,248
IVFMD,IRVING,TEXAS,268,97
THE CENTRE FOR REPRODUCTIVE MEDICINE,LUBBOCK,TEXAS,59,18
TEXAS TECH UNIVERSITY HEALTH SCIENCES CENTER,LUBBOCK,TEXAS,86,42
REPRODUCTIVE INSTITUTE OF SOUTH TEXAS,MCALLEN,TEXAS,59,39
"ADVANCED FERTILITY CENTERS, PLLC",ODESSA,TEXAS,19,12
IVF PLANO,PLANO,TEXAS,165,82
PRESBYTERIAN HOSPITAL ARTS,PLANO,TEXAS,79,44
ASPIRE FERTILITY-SAN ANTONIO,SAN ANTONIO,TEXAS,385,167
FERTILITY CENTER OF SAN ANTONIO,SAN ANTONIO,TEXAS,235,129
INSTITUTE FOR WOMEN'S HEALTH,SAN ANTONIO,TEXAS,41,19
UT HEALTH SAN ANTONIO REPRODUCTIVE HEALTH AND FERTILITY CENTER,SAN ANTONIO,TEXAS,44,21
SCOTT & WHITE CLINIC-TEMPLE,TEMPLE,TEXAS,109,53
"NORTH HOUSTON CENTER FOR REPRODUCTIVE MEDICINE, PA",THE WOODLANDS,TEXAS,41,17
CENTER OF REPRODUCTIVE MEDICINE (CORM),WEBSTER,TEXAS,369,193
UTAH FERTILITY CENTER,PLEASANT GROVE,UTAH,962,254
UTAH CENTER FOR REPRODUCTIVE MEDICINE,SALT LAKE CITY,UTAH,382,157
REPRODUCTIVE CARE CENTER,SANDY,UTAH,616,152
UNIVERSITY OF VERMONT MEDICAL CENTER,BURLINGTON,VERMONT,57,28
NORTHEASTERN REPRODUCTIVE MEDICINE,COLCHESTER,VERMONT,152,102
WASHINGTON FERTILITY CENTER,ANNANDALE,VIRGINIA,49,33
DOMINION FERTILITY AND ENDOCRINOLOGY,ARLINGTON,VIRGINIA,291,307
"REPRODUCTIVE MEDICINE AND SURGERY CENTER OF VIRGINIA, PLC",CHARLOTTESVILLE,VIRGINIA,245,89
GENETICS & IVF INSTITUTE,FAIRFAX,VIRGINIA,71,64
JONES INSTITUTE FOR REPRODUCTIVE MEDICINE,NORFOLK,VIRGINIA,193,86
VIRGINIA CENTER FOR REPRODUCTIVE MEDICINE,RESTON,VIRGINIA,64,44
SHADY GROVE FERTILITY-RICHMOND,RICHMOND,VIRGINIA,339,201
VCU REPRODUCTIVE MEDICINE,RICHMOND,VIRGINIA,78,64
CCRM NORTHERN VIRGINIA,VIENNA,VIRGINIA,0,2
THE NEW HOPE CENTER FOR REPRODUCTIVE MEDICINE,VIRGINIA BEACH,VIRGINIA,148,60
"OVERLAKE REPRODUCTIVE HEALTH, INC., PS",BELLEVUE,WASHINGTON,130,69
WASHINGTON CENTER FOR REPRODUCTIVE MEDICINE,BELLEVUE,WASHINGTON,115,49
BELLINGHAM IVF & INFERTILITY CARE,BELLINGHAM,WASHINGTON,46,16
POMA FERTILITY,KIRKLAND,WASHINGTON,224,123
OLYMPIA WOMEN'S HEALTH,OLYMPIA,WASHINGTON,30,8
PACIFIC NORTHWEST FERTILITY AND IVF SPECIALISTS,SEATTLE,WASHINGTON,316,309
SEATTLE REPRODUCTIVE MEDICINE,SEATTLE,WASHINGTON,"1,071",674
"SOUND FERTILITY CARE, PLLC",SEATTLE,WASHINGTON,43,54
UNIVERSITY REPRODUCTIVE CARE,SEATTLE,WASHINGTON,89,48
THE CENTER FOR REPRODUCTIVE HEALTH,SPOKANE,WASHINGTON,103,58
SRM SPOKANE,SPOKANE VALLEY,WASHINGTON,128,73
MADIGAN ARMY MEDICAL CENTER,TACOMA,WASHINGTON,72,34
WEST VIRGINIA UNIVERSITY FERTILITY CENTER,CHARLESTON,WEST VIRGINIA,17,3
CABELL HUNTINGTON HOSPITAL,HUNTINGTON,WEST VIRGINIA,22,7
WEST VIRGINIA UNIVERSITY CENTER FOR REPRODUCTIVE MEDICINE,MORGANTOWN,WEST VIRGINIA,112,39
AURORA HEALTH CARE-AURORA FERTILITY SERVICES,GREEN BAY,WISCONSIN,104,30
FROEDTERT & MEDICAL COLLEGE OF WISCONSIN,MENOMONEE FALLS,WISCONSIN,298,153
UNIVERSITY OF WISCONSIN-GENERATIONS FERTILITY CARE,MIDDLETON,WISCONSIN,136,66
WISCONSIN FERTILITY INSTITUTE,MIDDLETON,WISCONSIN,180,88
REPRODUCTIVE SPECIALTY CENTER,MILWAUKEE,WISCONSIN,16,11
"AURORA HEALTH CARE-AURORA FERTILITY SERVICES, WEST ALLIS",WEST ALLIS,WISCONSIN,169,53
